Temperature	Density	Pressure	State
0.50	1.20	7.94700	S
1.00	0.80	1.0400	L
3.00	0.30	0.89600	G
1.00	1.20	4.90300	L
0.10	1.20	6.3200	S
0.75	0.50	0.04890	Τ
0.75	0.30	0.09330	D